Title,url,Nb_replies,Id
Scrum.org Terms of Use,https://www.scrum.org/forum/scrum-forum/7825/scrumorg-terms-use,0,7825
Need Advice about PSM 1,https://www.scrum.org/forum/scrum-forum/8214/need-advice-about-psm-1,1,8214
What to do if the team is finishing the sprint to early?,https://www.scrum.org/forum/scrum-forum/5554/what-do-if-team-finishing-sprint-early,18,5554
Implementing Scrum Within Waterfall Methodology,https://www.scrum.org/forum/scrum-forum/8229/implementing-scrum-within-waterfall-methodology,1,8229
Team doesn't see value in Scrum,https://www.scrum.org/forum/scrum-forum/8228/team-doesnt-see-value-scrum,1,8228
"I wanted to consult, internet pages where to practice the exam",https://www.scrum.org/forum/scrum-forum/8220/i-wanted-consult-internet-pages-where-practice-exam,0,8220
I have been told Scrum does not deal with technical issues,https://www.scrum.org/forum/scrum-forum/8215/i-have-been-told-scrum-does-not-deal-technical-issues,2,8215
Writing Test cases in Agile,https://www.scrum.org/forum/scrum-forum/8198/writing-test-cases-agile,5,8198
Selecting PBI for the Sprint Backlog,https://www.scrum.org/forum/scrum-forum/8212/selecting-pbi-sprint-backlog,2,8212
My experience tackling the PSM II as a first certification,https://www.scrum.org/forum/scrum-forum/7814/my-experience-tackling-psm-ii-first-certification,3,7814
Development Team:  Can PO & SM be a part of it?,https://www.scrum.org/forum/scrum-forum/8213/development-team-can-po-sm-be-part-it,1,8213
Changing Sprint Backlog,https://www.scrum.org/forum/scrum-forum/8205/changing-sprint-backlog,2,8205
Thoughts on the new PSM II assessment,https://www.scrum.org/forum/scrum-forum/7291/thoughts-new-psm-ii-assessment,23,7291
PSM III in comparison to PSM II,https://www.scrum.org/forum/scrum-forum/7502/psm-iii-comparison-psm-ii,5,7502
Quality metric in SCRUM,https://www.scrum.org/forum/scrum-forum/5713/quality-metric-scrum,10,5713
Scrum practioner questions,https://www.scrum.org/forum/scrum-forum/8181/scrum-practioner-questions,1,8181
Achieved 86% in PSM-1 certification appeared in first attempt,https://www.scrum.org/forum/scrum-forum/8204/achieved-86-psm-1-certification-appeared-first-attempt,1,8204
Scrum Team Roles - are there really only 3?,https://www.scrum.org/forum/scrum-forum/8211/scrum-team-roles-are-there-really-only-3,3,8211
Scrum with DevOps - question about teams,https://www.scrum.org/forum/scrum-forum/8209/scrum-devops-question-about-teams,3,8209
The Sprit Goal is selected BEFORE or AFTER the Sprint Backlog is created,https://www.scrum.org/forum/scrum-forum/5960/sprit-goal-selected-or-after-sprint-backlog-created,18,5960
What belongs solely to Development Team?,https://www.scrum.org/forum/scrum-forum/8207/what-belongs-solely-development-team,1,8207
Completed PSM 1 with 96.3% first attempt,https://www.scrum.org/forum/scrum-forum/8142/completed-psm-1-963-first-attempt,7,8142
Virtual Teams in Scrum Model,https://www.scrum.org/forum/scrum-forum/8163/virtual-teams-scrum-model,4,8163
"Scrum does not work for me, any other option?",https://www.scrum.org/forum/scrum-forum/7954/scrum-does-not-work-me-any-other-option,4,7954
Who is absolutely necessary for one of these meetings?,https://www.scrum.org/forum/scrum-forum/8011/who-absolutely-necessary-one-these-meetings,6,8011
Product backlog management responsibility,https://www.scrum.org/forum/scrum-forum/8195/product-backlog-management-responsibility,5,8195
Story points vs hours,https://www.scrum.org/forum/scrum-forum/8196/story-points-vs-hours,3,8196
Do items listed in your defintion of done end up on your taskboard as individual tasks?,https://www.scrum.org/forum/scrum-forum/8203/do-items-listed-your-defintion-done-end-your-taskboard-individual-tasks,1,8203
PSM I Certification Preparation and a Open Question,https://www.scrum.org/forum/scrum-forum/6046/psm-i-certification-preparation-and-open-question,20,6046
Is self-organisation always appropriate?,https://www.scrum.org/forum/scrum-forum/8185/self-organisation-always-appropriate,6,8185
Time Boxed Events,https://www.scrum.org/forum/scrum-forum/7242/time-boxed-events,8,7242
Passed PSM I,https://www.scrum.org/forum/scrum-forum/8087/passed-psm-i,4,8087
Who is allowed to attend a Daily Meeting,https://www.scrum.org/forum/scrum-forum/5349/who-allowed-attend-daily-meeting,24,5349
A change to the Sprint Backlog during the Sprint,https://www.scrum.org/forum/scrum-forum/5894/change-sprint-backlog-during-sprint,5,5894
Minimum length of a sprint and sprint goal,https://www.scrum.org/forum/scrum-forum/8166/minimum-length-sprint-and-sprint-goal,9,8166
It's not difficult to pass PSM 1,https://www.scrum.org/forum/scrum-forum/8028/its-not-difficult-pass-psm-1,9,8028
Development KPIs and Scrum?,https://www.scrum.org/forum/scrum-forum/8192/development-kpis-and-scrum,0,8192
Open Invitation to Sprint Review,https://www.scrum.org/forum/scrum-forum/8186/open-invitation-sprint-review,3,8186
non-functional requirements,https://www.scrum.org/forum/scrum-forum/7314/non-functional-requirements,9,7314
How to improve communication within a team,https://www.scrum.org/forum/scrum-forum/8088/how-improve-communication-within-team,5,8088
Passed with 90%,https://www.scrum.org/forum/scrum-forum/8123/passed-90,1,8123
Scrum Master Role In Building A Self Organized Team,https://www.scrum.org/forum/scrum-forum/8169/scrum-master-role-building-self-organized-team,0,8169
"Thoughts about *How Scrum works in a fixed Price Projects""",https://www.scrum.org/forum/scrum-forum/5332/thoughts-about-how-scrum-works-fixed-price-projects,15,5332
Unable to Understand a statement in Scrum Guide,https://www.scrum.org/forum/scrum-forum/8148/unable-understand-statement-scrum-guide,1,8148
More than one product manager across a single platform?,https://www.scrum.org/forum/scrum-forum/8149/more-one-product-manager-across-single-platform,1,8149
Starting from ground zero,https://www.scrum.org/forum/scrum-forum/8141/starting-ground-zero,2,8141
For scaled scrum ... do you synchronize the end of the sprints?,https://www.scrum.org/forum/scrum-forum/8127/scaled-scrum-do-you-synchronize-end-sprints,1,8127
online tool for managment scrum team,https://www.scrum.org/forum/scrum-forum/8073/online-tool-managment-scrum-team,6,8073
PSM versus CSM,https://www.scrum.org/forum/scrum-forum/5600/psm-versus-csm,14,5600
PSPO I Certificate,https://www.scrum.org/forum/scrum-forum/8024/pspo-i-certificate,3,8024
Should you have concurrent sprints?,https://www.scrum.org/forum/scrum-forum/7622/should-you-have-concurrent-sprints,1,7622
Help: a Scrum Master is an impediment,https://www.scrum.org/forum/scrum-forum/7545/help-scrum-master-impediment,9,7545
two polarized views   |   decision is needed   |   HOW,https://www.scrum.org/forum/scrum-forum/7619/two-polarized-views-decision-needed-how,2,7619
Retrospective or Not,https://www.scrum.org/forum/scrum-forum/7621/retrospective-or-not,2,7621
Team design in scaled scrum / nexus,https://www.scrum.org/forum/scrum-forum/7614/team-design-scaled-scrum-nexus,2,7614
when definition of done change,https://www.scrum.org/forum/scrum-forum/7430/when-definition-done-change,9,7430
Changing sprint scope and goal,https://www.scrum.org/forum/scrum-forum/5790/changing-sprint-scope-and-goal,17,5790
How to pass PSM 1 easily,https://www.scrum.org/forum/scrum-forum/7617/how-pass-psm-1-easily,1,7617
Demo'ing incomplete stories,https://www.scrum.org/forum/scrum-forum/7616/demoing-incomplete-stories,6,7616
preparing for PSM II exam,https://www.scrum.org/forum/scrum-forum/7615/preparing-psm-ii-exam,0,7615
Cleared PSM 1 in first attemp,https://www.scrum.org/forum/scrum-forum/7358/cleared-psm-1-first-attemp,1,7358
PSM I PASSED - 92% - My tips,https://www.scrum.org/forum/scrum-forum/7484/psm-i-passed-92-my-tips,5,7484
Nexus Integration Team x Scrum Team,https://www.scrum.org/forum/scrum-forum/7544/nexus-integration-team-x-scrum-team,2,7544
Integrated Testing.,https://www.scrum.org/forum/scrum-forum/7547/integrated-testing,12,7547
Nexus Sprint Goal,https://www.scrum.org/forum/scrum-forum/7612/nexus-sprint-goal,0,7612
"Can a student use Google search and Scrum Guide PDF, during the exam?",https://www.scrum.org/forum/scrum-forum/7535/can-student-use-google-search-and-scrum-guide-pdf-during-exam,7,7535
How different scrum teams implement shared components?,https://www.scrum.org/forum/scrum-forum/7549/how-different-scrum-teams-implement-shared-components,2,7549
Definition of Done: for Increment or PBI?,https://www.scrum.org/forum/scrum-forum/7528/definition-done-increment-or-pbi,11,7528
Type of Questions and exam format (PSM I),https://www.scrum.org/forum/scrum-forum/7539/type-questions-and-exam-format-psm-i,1,7539
Finding SM roles - my chicken and egg problem,https://www.scrum.org/forum/scrum-forum/7543/finding-sm-roles-my-chicken-and-egg-problem,4,7543
Multiple product owners for single team,https://www.scrum.org/forum/scrum-forum/7542/multiple-product-owners-single-team,5,7542
Who is responsible for adhering to the DoD?,https://www.scrum.org/forum/scrum-forum/7533/who-responsible-adhering-dod,4,7533
How to mention field position in agile ?,https://www.scrum.org/forum/scrum-forum/7536/how-mention-field-position-agile,7,7536
scrum values,https://www.scrum.org/forum/scrum-forum/7531/scrum-values,3,7531
Clear the confusion in user story,https://www.scrum.org/forum/scrum-forum/7537/clear-confusion-user-story,1,7537
Backlog Refinement,https://www.scrum.org/forum/scrum-forum/7477/backlog-refinement,4,7477
Scrum Team,https://www.scrum.org/forum/scrum-forum/7468/scrum-team,3,7468
Definition of Sprint Backlog from Product Backlog,https://www.scrum.org/forum/scrum-forum/7490/definition-sprint-backlog-product-backlog,8,7490
Scrum Master Remotely - Is it possible?,https://www.scrum.org/forum/scrum-forum/7494/scrum-master-remotely-it-possible,0,7494
Hello all! Planning to take the exam on Christmas eve!!,https://www.scrum.org/forum/scrum-forum/7448/hello-all-planning-take-exam-christmas-eve,10,7448
Huge technical debt and small team. How to deal with this,https://www.scrum.org/forum/scrum-forum/7483/huge-technical-debt-and-small-team-how-deal,8,7483
Editing Sprint points of stories during sprint?,https://www.scrum.org/forum/scrum-forum/7488/editing-sprint-points-stories-during-sprint,12,7488
"XP, Lean, DSDM, Planning Poker part of PSM1",https://www.scrum.org/forum/scrum-forum/7489/xp-lean-dsdm-planning-poker-part-psm1,1,7489
Converting Horizontal Activites to Agile Mode,https://www.scrum.org/forum/scrum-forum/7486/converting-horizontal-activites-agile-mode,4,7486
Questions on Scrum Guide,https://www.scrum.org/forum/scrum-forum/7482/questions-scrum-guide,2,7482
Client acceptance as part of the definition of done?,https://www.scrum.org/forum/scrum-forum/7485/client-acceptance-part-definition-done,9,7485
Enterprise moving to Agile Adoption,https://www.scrum.org/forum/scrum-forum/7480/enterprise-moving-agile-adoption,6,7480
Software Dependancy while ordering PBI,https://www.scrum.org/forum/scrum-forum/7371/software-dependancy-while-ordering-pbi,5,7371
Sprint Backlog,https://www.scrum.org/forum/scrum-forum/7466/sprint-backlog,8,7466
Product owner in nexus vs scrum framework,https://www.scrum.org/forum/scrum-forum/7473/product-owner-nexus-vs-scrum-framework,2,7473
Scrum Team Hours of Work / On-Call,https://www.scrum.org/forum/scrum-forum/7478/scrum-team-hours-work-call,4,7478
Engineering roles inside Scrum team,https://www.scrum.org/forum/scrum-forum/7479/engineering-roles-inside-scrum-team,4,7479
Sprint Goal,https://www.scrum.org/forum/scrum-forum/7458/sprint-goal,12,7458
Passed PSM I with  98.8%,https://www.scrum.org/forum/scrum-forum/7471/passed-psm-i-988,3,7471
When the sprint backlog can change?,https://www.scrum.org/forum/scrum-forum/5436/when-sprint-backlog-can-change,18,5436
CEO nagging CTO to fix a bug,https://www.scrum.org/forum/scrum-forum/7481/ceo-nagging-cto-fix-bug,5,7481
Data Base Design / Model,https://www.scrum.org/forum/scrum-forum/7474/data-base-design-model,6,7474
Using alternative techniques - still Scrum?,https://www.scrum.org/forum/scrum-forum/7476/using-alternative-techniques-still-scrum,4,7476
What takes the Project manager outside of the Scrum team?,https://www.scrum.org/forum/scrum-forum/7409/what-takes-project-manager-outside-scrum-team,18,7409
Questions on SCRUM guide,https://www.scrum.org/forum/scrum-forum/7470/questions-scrum-guide,3,7470
Advice needed,https://www.scrum.org/forum/scrum-forum/7415/advice-needed,5,7415
Incomplete SBI -- Accounting for Velocity,https://www.scrum.org/forum/scrum-forum/7423/incomplete-sbi-accounting-velocity,11,7423
Scaled scrum Questions from Nexus Assessment - Sprint length,https://www.scrum.org/forum/scrum-forum/7428/scaled-scrum-questions-nexus-assessment-sprint-length,1,7428
Sprint Backlog,https://www.scrum.org/forum/scrum-forum/7429/sprint-backlog,6,7429
PSPO cleared with 95%,https://www.scrum.org/forum/scrum-forum/7376/pspo-cleared-95,1,7376
"scrum terminology, scaled scrum",https://www.scrum.org/forum/scrum-forum/7411/scrum-terminology-scaled-scrum,6,7411
Split scrum teams feature based,https://www.scrum.org/forum/scrum-forum/7384/split-scrum-teams-feature-based,9,7384
PSM Question doubt,https://www.scrum.org/forum/scrum-forum/7417/psm-question-doubt,4,7417
Transitioning an Organization,https://www.scrum.org/forum/scrum-forum/7412/transitioning-organization,11,7412
First 2 attempts 82% and 84%. Please help with some guidlines.,https://www.scrum.org/forum/scrum-forum/6212/first-2-attempts-82-and-84-please-help-some-guidlines,11,6212
Can a PO be the customer himself?,https://www.scrum.org/forum/scrum-forum/7357/can-po-be-customer-himself,9,7357
Scaled Scrum - trusted source of information for PSM I exam,https://www.scrum.org/forum/scrum-forum/6838/scaled-scrum-trusted-source-information-psm-i-exam,12,6838
Passed PSMI~95%,https://www.scrum.org/forum/scrum-forum/7422/passed-psmi95,0,7422
Sprint Rollover,https://www.scrum.org/forum/scrum-forum/7419/sprint-rollover,5,7419
Test wording ambiguity,https://www.scrum.org/forum/scrum-forum/7421/test-wording-ambiguity,3,7421
SCALED SCRUM qns,https://www.scrum.org/forum/scrum-forum/7363/scaled-scrum-qns,3,7363
Scrum Masters Notice Period,https://www.scrum.org/forum/scrum-forum/7414/scrum-masters-notice-period,4,7414
PSMII experience report.,https://www.scrum.org/forum/scrum-forum/6891/psmii-experience-report,9,6891
Roadmap to become a Trainer,https://www.scrum.org/forum/scrum-forum/7413/roadmap-become-trainer,1,7413
Question on DOD,https://www.scrum.org/forum/scrum-forum/7368/question-dod,7,7368
PSM 1 Certification exam format,https://www.scrum.org/forum/scrum-forum/7373/psm-1-certification-exam-format,10,7373
"SAFe, Less, DAD what experience you have made?",https://www.scrum.org/forum/scrum-forum/7410/safe-less-dad-what-experience-you-have-made,2,7410
Hardening Sprint,https://www.scrum.org/forum/scrum-forum/7405/hardening-sprint,8,7405
"Scrum is a empirical process, How? why not hybrid, complex and defined?",https://www.scrum.org/forum/scrum-forum/7408/scrum-empirical-process-how-why-not-hybrid-complex-and-defined,1,7408
"Scrum master, product backlog visibility",https://www.scrum.org/forum/scrum-forum/7402/scrum-master-product-backlog-visibility,6,7402
Preparation before Retrospective?,https://www.scrum.org/forum/scrum-forum/7355/preparation-retrospective,7,7355
Sprint lenght,https://www.scrum.org/forum/scrum-forum/6894/sprint-lenght,16,6894
PSM II - Is PSM I a prerequisite?,https://www.scrum.org/forum/scrum-forum/7362/psm-ii-psm-i-prerequisite,1,7362
Scrum team of 17? Is that possible?,https://www.scrum.org/forum/scrum-forum/7347/scrum-team-17-possible,6,7347
PSM1 first attempt 80% close but not reached the target 85% any guidance,https://www.scrum.org/forum/scrum-forum/7348/psm1-first-attempt-80-close-not-reached-target-85-any-guidance,8,7348
"""The Scrum Master wants to build it fast""",https://www.scrum.org/forum/scrum-forum/7354/scrum-master-wants-build-it-fast,4,7354
Should we rather estimate sub-tasks than the story itself on Jira?,https://www.scrum.org/forum/scrum-forum/7352/should-we-rather-estimate-sub-tasks-story-itself-jira,14,7352
Sprint Length Determination for new product,https://www.scrum.org/forum/scrum-forum/7356/sprint-length-determination-new-product,6,7356
Scrum Master with no IT experience?,https://www.scrum.org/forum/scrum-forum/7351/scrum-master-no-it-experience,2,7351
Discussing non-Tasks during daily Scrum meeting?,https://www.scrum.org/forum/scrum-forum/7343/discussing-non-tasks-during-daily-scrum-meeting,18,7343
How to apply scrum in this company,https://www.scrum.org/forum/scrum-forum/7350/how-apply-scrum-company,4,7350
Sprint Goal - how to define?,https://www.scrum.org/forum/scrum-forum/6395/sprint-goal-how-define,6,6395
Sadness for the SCRUM destiny I foretell for myself,https://www.scrum.org/forum/scrum-forum/7345/sadness-scrum-destiny-i-foretell-myself,4,7345
Concept of Sprint Zero,https://www.scrum.org/forum/scrum-forum/7331/concept-sprint-zero,11,7331
Good links for terms/concepts for PSPO I?,https://www.scrum.org/forum/scrum-forum/7306/good-links-termsconcepts-pspo-i,4,7306
User Stories - Writing down the Conversation Results,https://www.scrum.org/forum/scrum-forum/6888/user-stories-writing-down-conversation-results,10,6888
PSM 1 Certification - Do's Don'ts Myths,https://www.scrum.org/forum/scrum-forum/7346/psm-1-certification-dos-donts-myths,2,7346
External Dependencies,https://www.scrum.org/forum/scrum-forum/7341/external-dependencies,2,7341
Scaled Scrum and Cross Team Communication,https://www.scrum.org/forum/scrum-forum/7342/scaled-scrum-and-cross-team-communication,3,7342
Cleared PSM 1 in 1st attempt,https://www.scrum.org/forum/scrum-forum/7344/cleared-psm-1-1st-attempt,0,7344
Scrum and classic project management,https://www.scrum.org/forum/scrum-forum/7312/scrum-and-classic-project-management,12,7312
Software Architecture Languages,https://www.scrum.org/forum/scrum-forum/7340/software-architecture-languages,0,7340
preparation PSM I,https://www.scrum.org/forum/scrum-forum/6369/preparation-psm-i,6,6369
Prospects of a Scrum Master,https://www.scrum.org/forum/scrum-forum/7299/prospects-scrum-master,5,7299
Scrum confusion,https://www.scrum.org/forum/scrum-forum/7308/scrum-confusion,4,7308
"Definition of ""Done"" in multiple Team projects",https://www.scrum.org/forum/scrum-forum/7286/definition-done-multiple-team-projects,3,7286
What's the difference between 'SCRUM OPEN' and 'DEVELOPER OPEN'?,https://www.scrum.org/forum/scrum-forum/7281/whats-difference-between-scrum-open-and-developer-open,3,7281
Daily Scrum and PO,https://www.scrum.org/forum/scrum-forum/7273/daily-scrum-and-po,3,7273
"Wham bam, thank you ma'am - a case against quick & dirty Sprints",https://www.scrum.org/forum/scrum-forum/7268/wham-bam-thank-you-maam-case-against-quick-dirty-sprints,12,7268
Understanding product planning in an empirical environment;,https://www.scrum.org/forum/scrum-forum/7276/understanding-product-planning-empirical-environment,4,7276
What's the difference between 'SCRUM OPEN' and 'DEVELOPER OPEN'?,https://www.scrum.org/forum/scrum-forum/7280/whats-difference-between-scrum-open-and-developer-open,2,7280
"Part III: The unexpected enemy - an Agile Coach introducing ""Somegile""",https://www.scrum.org/forum/scrum-forum/7277/part-iii-unexpected-enemy-agile-coach-introducing-somegile,8,7277
Scrum Master vs Team Lead,https://www.scrum.org/forum/scrum-forum/7278/scrum-master-vs-team-lead,3,7278
PSM1,https://www.scrum.org/forum/scrum-forum/6702/psm1,12,6702
Is anybody preparing for Scrum master PSM I certificate?,https://www.scrum.org/forum/scrum-forum/7245/anybody-preparing-scrum-master-psm-i-certificate,2,7245
Daily Scrum - 3 questions,https://www.scrum.org/forum/scrum-forum/7275/daily-scrum-3-questions,3,7275
The new scrum guide states that only dev team members participate in the daily scrum,https://www.scrum.org/forum/scrum-forum/7232/new-scrum-guide-states-only-dev-team-members-participate-daily-scrum,27,7232
scrum problem sprint,https://www.scrum.org/forum/scrum-forum/7256/scrum-problem-sprint,4,7256
Productivity,https://www.scrum.org/forum/scrum-forum/7272/productivity,4,7272
Scrum Mater,https://www.scrum.org/forum/scrum-forum/7269/scrum-mater,3,7269
Product Backlog - Dependences,https://www.scrum.org/forum/scrum-forum/7270/product-backlog-dependences,4,7270
Large User Stories,https://www.scrum.org/forum/scrum-forum/7271/large-user-stories,2,7271
Unresolved conflict in team,https://www.scrum.org/forum/scrum-forum/7249/unresolved-conflict-team,9,7249
Kill the Sprint,https://www.scrum.org/forum/scrum-forum/7263/kill-sprint,9,7263
In Real Life What does Scrum master do exactly?,https://www.scrum.org/forum/scrum-forum/7257/real-life-what-does-scrum-master-do-exactly,3,7257
To Retro or not to Retro,https://www.scrum.org/forum/scrum-forum/7254/retro-or-not-retro,4,7254
PSM I Mock Exams,https://www.scrum.org/forum/scrum-forum/6615/psm-i-mock-exams,9,6615
Abnormal Sprint Termination,https://www.scrum.org/forum/scrum-forum/7262/abnormal-sprint-termination,2,7262
My name in the PSM I certificate got changed automatically,https://www.scrum.org/forum/scrum-forum/7267/my-name-psm-i-certificate-got-changed-automatically,1,7267
Diff between Product Owner and Product Manager role,https://www.scrum.org/forum/scrum-forum/5861/diff-between-product-owner-and-product-manager-role,11,5861
User Story - at business rule / field validation level.,https://www.scrum.org/forum/scrum-forum/7210/user-story-business-rule-field-validation-level,7,7210
Vertical Slicing of User Story for API/Web Service developmet,https://www.scrum.org/forum/scrum-forum/7204/vertical-slicing-user-story-apiweb-service-developmet,7,7204
Can sprints's lenght vary in the same product backlog construction?,https://www.scrum.org/forum/scrum-forum/7217/can-sprintss-lenght-vary-same-product-backlog-construction,6,7217
What belongs solely to the Development Team?,https://www.scrum.org/forum/scrum-forum/7214/what-belongs-solely-development-team,10,7214
Should Scope Re-negotiation should always result in scope being descoped?,https://www.scrum.org/forum/scrum-forum/7213/should-scope-re-negotiation-should-always-result-scope-being-descoped,5,7213
What are the recommended approaches for addressing technical debt?,https://www.scrum.org/forum/scrum-forum/7215/what-are-recommended-approaches-addressing-technical-debt,2,7215
Acceptance Testing?,https://www.scrum.org/forum/scrum-forum/7216/acceptance-testing,2,7216
Scrum in non-software development IT-project,https://www.scrum.org/forum/scrum-forum/7202/scrum-non-software-development-it-project,6,7202
Sequence Sprint Planning,https://www.scrum.org/forum/scrum-forum/7209/sequence-sprint-planning,6,7209
Scrum - where Non-functional work is considerable.,https://www.scrum.org/forum/scrum-forum/6890/scrum-where-non-functional-work-considerable,7,6890
Definition of Done for many Scrum teams,https://www.scrum.org/forum/scrum-forum/6913/definition-done-many-scrum-teams,6,6913
Is Professional SCRUM Expert exam replaced the PSMII exam,https://www.scrum.org/forum/scrum-forum/6867/professional-scrum-expert-exam-replaced-psmii-exam,2,6867
Scrum Master. Java Experience. Dusseldorf,https://www.scrum.org/forum/scrum-forum/7208/scrum-master-java-experience-dusseldorf,0,7208
Passed PSPO I with 88.8%,https://www.scrum.org/forum/scrum-forum/7207/passed-pspo-i-888,0,7207
Passing PSM 1,https://www.scrum.org/forum/scrum-forum/7206/passing-psm-1,0,7206
PSM 1 Certification Exam,https://www.scrum.org/forum/scrum-forum/6911/psm-1-certification-exam,4,6911
Scrum Development Team - Adding 10th one.,https://www.scrum.org/forum/scrum-forum/7199/scrum-development-team-adding-10th-one,6,7199
How to apply Scrum for Operations team,https://www.scrum.org/forum/scrum-forum/6916/how-apply-scrum-operations-team,5,6916
Sprint length in Nexus,https://www.scrum.org/forum/scrum-forum/6553/sprint-length-nexus,13,6553
Passing the PSM1,https://www.scrum.org/forum/scrum-forum/7201/passing-psm1,0,7201
Passes PSM1 with 93.8% First Attempt (Experience Share + Tips),https://www.scrum.org/forum/scrum-forum/7198/passes-psm1-938-first-attempt-experience-share-tips,0,7198
Component vs feature team,https://www.scrum.org/forum/scrum-forum/6901/component-vs-feature-team,8,6901
Organizational psychology in an agile context,https://www.scrum.org/forum/scrum-forum/6917/organizational-psychology-agile-context,0,6917
Scrum Master as a part of Developer,https://www.scrum.org/forum/scrum-forum/6914/scrum-master-part-developer,3,6914
PSM1 passed with 91% first attempt,https://www.scrum.org/forum/scrum-forum/6900/psm1-passed-91-first-attempt,3,6900
Definition of Done,https://www.scrum.org/forum/scrum-forum/6853/definition-done,8,6853
Looking for Agile Brainfood,https://www.scrum.org/forum/scrum-forum/6869/looking-agile-brainfood,0,6869
PO in Nexus,https://www.scrum.org/forum/scrum-forum/6862/po-nexus,9,6862
crum Masterâ€™s Role in Spring Planning,https://www.scrum.org/forum/scrum-forum/6860/crum-masters-role-spring-planning,4,6860
"Scrum's nice but, we don't value producing releasable software each Sprint",https://www.scrum.org/forum/scrum-forum/6857/scrums-nice-we-dont-value-producing-releasable-software-each-sprint,10,6857
PSM II,https://www.scrum.org/forum/scrum-forum/6786/psm-ii,6,6786
A role of Test Manager in Scrum,https://www.scrum.org/forum/scrum-forum/6851/role-test-manager-scrum,3,6851
FAILED SPRINT,https://www.scrum.org/forum/scrum-forum/6859/failed-sprint,3,6859
How to suggest a blog post?,https://www.scrum.org/forum/scrum-forum/6854/how-suggest-blog-post,2,6854
Improved Burndown Chart with Scope,https://www.scrum.org/forum/scrum-forum/6858/improved-burndown-chart-scope,0,6858
How to prepare for PSD,https://www.scrum.org/forum/scrum-forum/6856/how-prepare-psd,2,6856
Is the PSPO certification worth it?,https://www.scrum.org/forum/scrum-forum/6855/pspo-certification-worth-it,1,6855
What does the sprint backlog consist of?,https://www.scrum.org/forum/scrum-forum/6835/what-does-sprint-backlog-consist,9,6835
About planning in Scrum ?,https://www.scrum.org/forum/scrum-forum/6850/about-planning-scrum,6,6850
New Scrum implementation,https://www.scrum.org/forum/scrum-forum/6846/new-scrum-implementation,2,6846
Experience applying Scrum in non-software/IT industries?,https://www.scrum.org/forum/scrum-forum/6845/experience-applying-scrum-non-softwareit-industries,4,6845
Study Tips for the PSM I - I just pass it with 94%,https://www.scrum.org/forum/scrum-forum/6849/study-tips-psm-i-i-just-pass-it-94,0,6849
a few clarifications in sprint and scrum roles,https://www.scrum.org/forum/scrum-forum/6844/few-clarifications-sprint-and-scrum-roles,4,6844
Interview Practical Exercise,https://www.scrum.org/forum/scrum-forum/6803/interview-practical-exercise,1,6803
Input Product owner and team as % of development time,https://www.scrum.org/forum/scrum-forum/6830/input-product-owner-and-team-development-time,7,6830
UML diagrams,https://www.scrum.org/forum/scrum-forum/6834/uml-diagrams,4,6834
A Product Owner is entitled to postpone the start of a new Sprint after the conclusion of a previous Sprint for the following reason...,https://www.scrum.org/forum/scrum-forum/6831/product-owner-entitled-postpone-start-new-sprint-after-conclusion-previous,7,6831
Why TDD always fail?,https://www.scrum.org/forum/scrum-forum/6832/why-tdd-always-fail,5,6832
Self organizing teams,https://www.scrum.org/forum/scrum-forum/6435/self-organizing-teams,5,6435
Sprint Review and UAT...,https://www.scrum.org/forum/scrum-forum/5645/sprint-review-and-uat,17,5645
Decision making,https://www.scrum.org/forum/scrum-forum/6769/decision-making,5,6769
Integrating Application Services,https://www.scrum.org/forum/scrum-forum/6770/integrating-application-services,2,6770
Please help with: Scrum methodology is...,https://www.scrum.org/forum/scrum-forum/6782/please-help-scrum-methodology,8,6782
Need Guidance and Clarification - PSM 1 preparation,https://www.scrum.org/forum/scrum-forum/6778/need-guidance-and-clarification-psm-1-preparation,3,6778
Job Titles and Seniority in Scrum Teams,https://www.scrum.org/forum/scrum-forum/6785/job-titles-and-seniority-scrum-teams,2,6785
PSPO and PSD Mandatory for PSM1 ?,https://www.scrum.org/forum/scrum-forum/6787/pspo-and-psd-mandatory-psm1,1,6787
I received PSM I certificate today,https://www.scrum.org/forum/scrum-forum/6777/i-received-psm-i-certificate-today,3,6777
Cancellation of Sprint,https://www.scrum.org/forum/scrum-forum/6783/cancellation-sprint,1,6783
Backlog Item,https://www.scrum.org/forum/scrum-forum/6781/backlog-item,1,6781
Pleaese help: Who is Scrum Master,https://www.scrum.org/forum/scrum-forum/6779/pleaese-help-who-scrum-master,3,6779
Scrum PSM I Assessment,https://www.scrum.org/forum/scrum-forum/6241/scrum-psm-i-assessment,21,6241
Relative complexity,https://www.scrum.org/forum/scrum-forum/5665/relative-complexity,9,5665
Need advice which book for each Scrum Subject Areas,https://www.scrum.org/forum/scrum-forum/6780/need-advice-which-book-each-scrum-subject-areas,0,6780
How to decide how many story points to take up in the first sprint,https://www.scrum.org/forum/scrum-forum/6774/how-decide-how-many-story-points-take-first-sprint,7,6774
PSM1 my journey,https://www.scrum.org/forum/scrum-forum/5688/psm1-my-journey,7,5688
14 day test period? PSM1,https://www.scrum.org/forum/scrum-forum/6776/14-day-test-period-psm1,1,6776
Tips for scrum implementation,https://www.scrum.org/forum/scrum-forum/6722/tips-scrum-implementation,9,6722
Should scrum allow additional meetings,https://www.scrum.org/forum/scrum-forum/6772/should-scrum-allow-additional-meetings,5,6772
Team composition and 50% occupancy of some team members,https://www.scrum.org/forum/scrum-forum/6766/team-composition-and-50-occupancy-some-team-members,4,6766
SPS vs SA vs DAD,https://www.scrum.org/forum/scrum-forum/6759/sps-vs-sa-vs-dad,3,6759
Sharing insights at the start of story - testers and developers together,https://www.scrum.org/forum/scrum-forum/6760/sharing-insights-start-story-testers-and-developers-together,6,6760
Examination Process,https://www.scrum.org/forum/scrum-forum/5775/examination-process,10,5775
scrum certificate for tester,https://www.scrum.org/forum/scrum-forum/6771/scrum-certificate-tester,1,6771
Product Owner as Nexus Scrum Master,https://www.scrum.org/forum/scrum-forum/6765/product-owner-nexus-scrum-master,4,6765
comprehension questions,https://www.scrum.org/forum/scrum-forum/6678/comprehension-questions,2,6678
Free TODAY - Scrum EBook,https://www.scrum.org/forum/scrum-forum/6716/free-today-scrum-ebook,0,6716
Remaining PBI not filling up the Sprint.,https://www.scrum.org/forum/scrum-forum/6714/remaining-pbi-not-filling-sprint,4,6714
Accepting the sprint in the Review meeting? And some other Review questions,https://www.scrum.org/forum/scrum-forum/6694/accepting-sprint-review-meeting-and-some-other-review-questions,7,6694
Product Owner allowed to participate in daily scrum?,https://www.scrum.org/forum/scrum-forum/6715/product-owner-allowed-participate-daily-scrum,2,6715
Focus On / Focus Off Retrospective Activity,https://www.scrum.org/forum/scrum-forum/6602/focus-focus-retrospective-activity,1,6602
Questions on the scrum guide and to prepare for PSM I,https://www.scrum.org/forum/scrum-forum/6704/questions-scrum-guide-and-prepare-psm-i,8,6704
The 1-Week Sprint Dilemma!,https://www.scrum.org/forum/scrum-forum/6713/1-week-sprint-dilemma,2,6713
Virtual Daily SCRUM Meeting,https://www.scrum.org/forum/scrum-forum/6458/virtual-daily-scrum-meeting,3,6458
8 steps I used to pass PSM I assessment studying less than a month!,https://www.scrum.org/forum/scrum-forum/6019/8-steps-i-used-pass-psm-i-assessment-studying-less-month,8,6019
Agile Metrics,https://www.scrum.org/forum/scrum-forum/6462/agile-metrics,5,6462
How Long is the Password valid? PSM1 Assessment,https://www.scrum.org/forum/scrum-forum/6712/how-long-password-valid-psm1-assessment,6,6712
"Story points normalization - same team, successive projects",https://www.scrum.org/forum/scrum-forum/6705/story-points-normalization-same-team-successive-projects,11,6705
PSM I - Questions,https://www.scrum.org/forum/scrum-forum/5687/psm-i-questions,7,5687
Definition of Product.,https://www.scrum.org/forum/scrum-forum/6709/definition-product,5,6709
Expecting high velocity,https://www.scrum.org/forum/scrum-forum/6711/expecting-high-velocity,4,6711
"same story, two different points",https://www.scrum.org/forum/scrum-forum/6703/same-story-two-different-points,5,6703
An International Conference about Digital Architecture to be held in London,https://www.scrum.org/forum/scrum-forum/6707/international-conference-about-digital-architecture-be-held-london,0,6707
Master thesis help,https://www.scrum.org/forum/scrum-forum/6706/master-thesis-help,0,6706
Scrum Advice Required,https://www.scrum.org/forum/scrum-forum/6697/scrum-advice-required,3,6697
scrum velocity when team members change,https://www.scrum.org/forum/scrum-forum/6700/scrum-velocity-when-team-members-change,3,6700
Bug Fixes,https://www.scrum.org/forum/scrum-forum/6695/bug-fixes,2,6695
Product Owner and sprint status updates.,https://www.scrum.org/forum/scrum-forum/6572/product-owner-and-sprint-status-updates,4,6572
Scrum for healthcare EHR configuration,https://www.scrum.org/forum/scrum-forum/6536/scrum-healthcare-ehr-configuration,3,6536
Excluding developers who miss sprint planning,https://www.scrum.org/forum/scrum-forum/6540/excluding-developers-who-miss-sprint-planning,6,6540
"1 Backlog two scrum teams, 1 UserStory",https://www.scrum.org/forum/scrum-forum/6546/1-backlog-two-scrum-teams-1-userstory,5,6546
Updation of DoD,https://www.scrum.org/forum/scrum-forum/6676/updation-dod,2,6676
Allianz Agile Coach Vacancy,https://www.scrum.org/forum/scrum-forum/6672/allianz-agile-coach-vacancy,1,6672
Skills/personalities best suited for roles,https://www.scrum.org/forum/scrum-forum/6668/skillspersonalities-best-suited-roles,6,6668
"Requirements analysis in Scrum - Understanding the ""as is"" state",https://www.scrum.org/forum/scrum-forum/6671/requirements-analysis-scrum-understanding-state,2,6671
Daily SCRUM in a consulting project,https://www.scrum.org/forum/scrum-forum/6663/daily-scrum-consulting-project,4,6663
Prototype stage,https://www.scrum.org/forum/scrum-forum/6670/prototype-stage,2,6670
When You Discover Done is Not Actually Done,https://www.scrum.org/forum/scrum-forum/6654/when-you-discover-done-not-actually-done,5,6654
Should (or not) the Product Owner attend the Daily Scrum,https://www.scrum.org/forum/scrum-forum/6652/should-or-not-product-owner-attend-daily-scrum,5,6652
Looking for a tool to use Scrum,https://www.scrum.org/forum/scrum-forum/5465/looking-tool-use-scrum,16,5465
Integrating as a Scrum Master in a new team and company,https://www.scrum.org/forum/scrum-forum/6655/integrating-scrum-master-new-team-and-company,8,6655
Releasing - who should communicate with marketing?,https://www.scrum.org/forum/scrum-forum/6644/releasing-who-should-communicate-marketing,4,6644
"Just Passed the PSM1 Exam, Scored 94%",https://www.scrum.org/forum/scrum-forum/6620/just-passed-psm1-exam-scored-94,3,6620
How to prepare for PSM II,https://www.scrum.org/forum/scrum-forum/6667/how-prepare-psm-ii,2,6667
When Scrum Goes Wrong,https://www.scrum.org/forum/scrum-forum/6666/when-scrum-goes-wrong,1,6666
Europeanscrum.org,https://www.scrum.org/forum/scrum-forum/6664/europeanscrumorg,2,6664
Definition of Done and conditional branching,https://www.scrum.org/forum/scrum-forum/6662/definition-done-and-conditional-branching,7,6662
Does the Sprint Planning meeting consist of two sessions??,https://www.scrum.org/forum/scrum-forum/5595/does-sprint-planning-meeting-consist-two-sessions,8,5595
"Multiple Scrum Teams mutually define ""the definition of done""",https://www.scrum.org/forum/scrum-forum/6657/multiple-scrum-teams-mutually-define-definition-done,3,6657
Refinement time is 10 % of DEV team capacity,https://www.scrum.org/forum/scrum-forum/6648/refinement-time-10-dev-team-capacity,2,6648
Permanent automated testing / UAT incorporated in sprints,https://www.scrum.org/forum/scrum-forum/6656/permanent-automated-testing-uat-incorporated-sprints,1,6656
DOD,https://www.scrum.org/forum/scrum-forum/6646/dod,2,6646
PSPO II  - Self Study Tips: Any to Share?,https://www.scrum.org/forum/scrum-forum/6659/pspo-ii-self-study-tips-any-share,0,6659
Passed PSPO1,https://www.scrum.org/forum/scrum-forum/6658/passed-pspo1,0,6658
Unit test framework for C programs on Linux,https://www.scrum.org/forum/scrum-forum/6397/unit-test-framework-c-programs-linux,1,6397
Task Burndownchart,https://www.scrum.org/forum/scrum-forum/6653/task-burndownchart,2,6653
Task Distribution Within Team,https://www.scrum.org/forum/scrum-forum/6607/task-distribution-within-team,5,6607
Agile Methodology,https://www.scrum.org/forum/scrum-forum/5983/agile-methodology,5,5983
Scaled product with multi Scrum Team.,https://www.scrum.org/forum/scrum-forum/6605/scaled-product-multi-scrum-team,9,6605
Passed PSM I!!,https://www.scrum.org/forum/scrum-forum/6580/passed-psm-i,1,6580
when does the sprint end ?,https://www.scrum.org/forum/scrum-forum/6597/when-does-sprint-end,5,6597
Your experience in SCRUM implementation.,https://www.scrum.org/forum/scrum-forum/6600/your-experience-scrum-implementation,2,6600
when does the exam password expires ?,https://www.scrum.org/forum/scrum-forum/6599/when-does-exam-password-expires,4,6599
Seminar for managers,https://www.scrum.org/forum/scrum-forum/6603/seminar-managers,3,6603
Preparing for SPS assesment,https://www.scrum.org/forum/scrum-forum/6593/preparing-sps-assesment,2,6593
How to track progress of individual tasks,https://www.scrum.org/forum/scrum-forum/6590/how-track-progress-individual-tasks,4,6590
Question regarding the Scrum Master - Scrum Reference Card,https://www.scrum.org/forum/scrum-forum/6598/question-regarding-scrum-master-scrum-reference-card,2,6598
Definition of done in scrum of scrums,https://www.scrum.org/forum/scrum-forum/6595/definition-done-scrum-scrums,6,6595
Scrum training for non-windows people,https://www.scrum.org/forum/scrum-forum/6591/scrum-training-non-windows-people,2,6591
PSPO I Assessment,https://www.scrum.org/forum/scrum-forum/6566/pspo-i-assessment,3,6566
Scrum Open vs. PSM I assessment,https://www.scrum.org/forum/scrum-forum/5578/scrum-open-vs-psm-i-assessment,15,5578
Scrum for Medical Device Software,https://www.scrum.org/forum/scrum-forum/5994/scrum-medical-device-software,3,5994
Successfully completed PSM I- Tips for preparation,https://www.scrum.org/forum/scrum-forum/6569/successfully-completed-psm-i-tips-preparation,6,6569
Never Enough Time to Test,https://www.scrum.org/forum/scrum-forum/6585/never-enough-time-test,18,6585
PSM 1 Certification Test,https://www.scrum.org/forum/scrum-forum/6587/psm-1-certification-test,3,6587
"Got my PSM 1, couple of tips",https://www.scrum.org/forum/scrum-forum/6560/got-my-psm-1-couple-tips,2,6560
Can any person take the PSM certificate ?,https://www.scrum.org/forum/scrum-forum/6589/can-any-person-take-psm-certificate,4,6589
How many days within we should give the PSM I assessment after buying?,https://www.scrum.org/forum/scrum-forum/6568/how-many-days-within-we-should-give-psm-i-assessment-after-buying,1,6568
Nexus Events timeboxes,https://www.scrum.org/forum/scrum-forum/6592/nexus-events-timeboxes,2,6592
Sprint: time-boxed,https://www.scrum.org/forum/scrum-forum/6582/sprint-time-boxed,4,6582
Tips for new scrummaster joining existing project,https://www.scrum.org/forum/scrum-forum/6584/tips-new-scrummaster-joining-existing-project,3,6584
What if the servers break down?,https://www.scrum.org/forum/scrum-forum/6533/what-if-servers-break-down,7,6533
Managing a continuous flow of UAT bugs while sprinting,https://www.scrum.org/forum/scrum-forum/6528/managing-continuous-flow-uat-bugs-while-sprinting,3,6528
Question about missing sprint goals,https://www.scrum.org/forum/scrum-forum/6526/question-about-missing-sprint-goals,3,6526
A feedback system to increase quality of professional assessments,https://www.scrum.org/forum/scrum-forum/6441/feedback-system-increase-quality-professional-assessments,1,6441
SCRUM and Project Management,https://www.scrum.org/forum/scrum-forum/6529/scrum-and-project-management,6,6529
scrum.org improvements,https://www.scrum.org/forum/scrum-forum/6032/scrumorg-improvements,1,6032
Scrum Theory,https://www.scrum.org/forum/scrum-forum/6527/scrum-theory,1,6527
Crafting the Sprint Goal,https://www.scrum.org/forum/scrum-forum/6525/crafting-sprint-goal,3,6525
Who can remove a member from development Team ??,https://www.scrum.org/forum/scrum-forum/6497/who-can-remove-member-development-team,4,6497
Is the Scrum Master responsible to send reports?,https://www.scrum.org/forum/scrum-forum/5899/scrum-master-responsible-send-reports,22,5899
Scrum Guide as a mind map,https://www.scrum.org/forum/scrum-forum/6520/scrum-guide-mind-map,1,6520
Scrum Points explanation,https://www.scrum.org/forum/scrum-forum/6522/scrum-points-explanation,1,6522
PBI review after Sprint cancellation,https://www.scrum.org/forum/scrum-forum/6524/pbi-review-after-sprint-cancellation,1,6524
"Backlog Refinement, Sprint - not formal events for inspection and adaptation",https://www.scrum.org/forum/scrum-forum/6523/backlog-refinement-sprint-not-formal-events-inspection-and-adaptation,1,6523
Custom Software Dev Tasks,https://www.scrum.org/forum/scrum-forum/6519/custom-software-dev-tasks,1,6519
Few Questions on Scrum Guide,https://www.scrum.org/forum/scrum-forum/6511/few-questions-scrum-guide,7,6511
Certification vs. Consultation,https://www.scrum.org/forum/scrum-forum/6518/certification-vs-consultation,1,6518
The Scrum Clock,https://www.scrum.org/forum/scrum-forum/6352/scrum-clock,1,6352
Help estimation problem,https://www.scrum.org/forum/scrum-forum/6513/help-estimation-problem,11,6513
To be a Certified Scrum Master or to be a Qualified Scrum Master?,https://www.scrum.org/forum/scrum-forum/6486/be-certified-scrum-master-or-be-qualified-scrum-master,5,6486
Finally Cleared PSM I,https://www.scrum.org/forum/scrum-forum/6516/finally-cleared-psm-i,5,6516
P.O. role overlap with UXD,https://www.scrum.org/forum/scrum-forum/6515/po-role-overlap-uxd,2,6515
Tasks of an Scrum Master,https://www.scrum.org/forum/scrum-forum/6502/tasks-scrum-master,7,6502
Definition Done,https://www.scrum.org/forum/scrum-forum/6507/definition-done,3,6507
User Testing Requires Story Changes,https://www.scrum.org/forum/scrum-forum/6514/user-testing-requires-story-changes,2,6514
PBI to Sprint Backlog Item,https://www.scrum.org/forum/scrum-forum/6451/pbi-sprint-backlog-item,9,6451
Scrum and scaled agile framework (SAFe),https://www.scrum.org/forum/scrum-forum/6412/scrum-and-scaled-agile-framework-safe,14,6412
Lack of concern with risk to sprint goal,https://www.scrum.org/forum/scrum-forum/6455/lack-concern-risk-sprint-goal,3,6455
Variation on the Agile Manifesto,https://www.scrum.org/forum/scrum-forum/6442/variation-agile-manifesto,2,6442
Scrum based on theory of constraints,https://www.scrum.org/forum/scrum-forum/6423/scrum-based-theory-constraints,4,6423
Tackling the issue of Ad Hoc work requests on the Dev team?,https://www.scrum.org/forum/scrum-forum/6433/tackling-issue-ad-hoc-work-requests-dev-team,8,6433
Sprint Duration Question,https://www.scrum.org/forum/scrum-forum/6453/sprint-duration-question,3,6453
Handle difficult people in a scrum team,https://www.scrum.org/forum/scrum-forum/6426/handle-difficult-people-scrum-team,4,6426
Two ScrumMasters?,https://www.scrum.org/forum/scrum-forum/6422/two-scrummasters,8,6422
User story queries,https://www.scrum.org/forum/scrum-forum/6450/user-story-queries,2,6450
User Stories (Agile) vs BRDs (Waterfall),https://www.scrum.org/forum/scrum-forum/6443/user-stories-agile-vs-brds-waterfall,6,6443
Scrum at scale fail humour,https://www.scrum.org/forum/scrum-forum/6311/scrum-scale-fail-humour,2,6311
Scrum Practitioner Open,https://www.scrum.org/forum/scrum-forum/6444/scrum-practitioner-open,1,6444
Scrum for every job function?,https://www.scrum.org/forum/scrum-forum/6431/scrum-every-job-function,2,6431
What is true about the Definition of Done?,https://www.scrum.org/forum/scrum-forum/6417/what-true-about-definition-done,13,6417
allowed material during PSM I assessment,https://www.scrum.org/forum/scrum-forum/6425/allowed-material-during-psm-i-assessment,2,6425
Should tester be included in refining PBI?,https://www.scrum.org/forum/scrum-forum/6439/should-tester-be-included-refining-pbi,5,6439
Why TDD is very important and suitable for SCRUM Development Team?,https://www.scrum.org/forum/scrum-forum/6437/why-tdd-very-important-and-suitable-scrum-development-team,0,6437
Estimates,https://www.scrum.org/forum/scrum-forum/6436/estimates,4,6436
Who has the first contact with the client?,https://www.scrum.org/forum/scrum-forum/6419/who-has-first-contact-client,3,6419
One Scrum team for multiple products VS One Scrum team per product,https://www.scrum.org/forum/scrum-forum/6430/one-scrum-team-multiple-products-vs-one-scrum-team-product,5,6430
Scaling Scrum for Startups,https://www.scrum.org/forum/scrum-forum/6427/scaling-scrum-startups,4,6427
PSM1 how to prepare,https://www.scrum.org/forum/scrum-forum/6245/psm1-how-prepare,3,6245
PSM Exam + RETROSPECTIVE,https://www.scrum.org/forum/scrum-forum/6297/psm-exam-retrospective,4,6297
Getting ready for PSM-1 certficiation,https://www.scrum.org/forum/scrum-forum/6247/getting-ready-psm-1-certficiation,3,6247
Suggested Readings for PSM,https://www.scrum.org/forum/scrum-forum/6360/suggested-readings-psm,1,6360
Passed PSM I at the first try,https://www.scrum.org/forum/scrum-forum/6357/passed-psm-i-first-try,1,6357
Online courses or consultants?,https://www.scrum.org/forum/scrum-forum/6148/online-courses-or-consultants,8,6148
How can I prepare for PSM II exam?,https://www.scrum.org/forum/scrum-forum/6347/how-can-i-prepare-psm-ii-exam,3,6347
Scrum Questions,https://www.scrum.org/forum/scrum-forum/6366/scrum-questions,3,6366
Please explain me some questions!,https://www.scrum.org/forum/scrum-forum/6363/please-explain-me-some-questions,3,6363
Smart advice needed,https://www.scrum.org/forum/scrum-forum/6365/smart-advice-needed,2,6365
Starting as Scrum Master,https://www.scrum.org/forum/scrum-forum/6346/starting-scrum-master,3,6346
Scaled Professional Scrum (SPS certification exam),https://www.scrum.org/forum/scrum-forum/6362/scaled-professional-scrum-sps-certification-exam,1,6362
What responsibility CAN'T the PO delegate,https://www.scrum.org/forum/scrum-forum/6302/what-responsibility-cant-po-delegate,5,6302
Scrum of Scrums,https://www.scrum.org/forum/scrum-forum/6353/scrum-scrums,3,6353
What does this answer MEAN?,https://www.scrum.org/forum/scrum-forum/6356/what-does-answer-mean,3,6356
Setting up a development team,https://www.scrum.org/forum/scrum-forum/6214/setting-development-team,4,6214
Why are there questions in PSM I that are not actually part of scrum,https://www.scrum.org/forum/scrum-forum/6342/why-are-there-questions-psm-i-are-not-actually-part-scrum,6,6342
Product backlog,https://www.scrum.org/forum/scrum-forum/6350/product-backlog,2,6350
How to make an BPI independent,https://www.scrum.org/forum/scrum-forum/6351/how-make-bpi-independent,6,6351
When to bring increments to production?,https://www.scrum.org/forum/scrum-forum/6337/when-bring-increments-production,7,6337
Questions need Help - Code merge,https://www.scrum.org/forum/scrum-forum/6344/questions-need-help-code-merge,3,6344
PSPO course in India,https://www.scrum.org/forum/scrum-forum/5558/pspo-course-india,9,5558
How soon I can deliver the project?,https://www.scrum.org/forum/scrum-forum/6349/how-soon-i-can-deliver-project,1,6349
Scrum on Large Projects with External Players,https://www.scrum.org/forum/scrum-forum/6175/scrum-large-projects-external-players,5,6175
Sharing backlogs with clients,https://www.scrum.org/forum/scrum-forum/6348/sharing-backlogs-clients,1,6348
PSPO 1 assessment practice,https://www.scrum.org/forum/scrum-forum/6341/pspo-1-assessment-practice,3,6341
SM on new team question,https://www.scrum.org/forum/scrum-forum/6327/sm-new-team-question,4,6327
Hit Plateau in 2nd Year of Scrum!  Need ideas!,https://www.scrum.org/forum/scrum-forum/6318/hit-plateau-2nd-year-scrum-need-ideas,5,6318
Mistake in scrum guide?,https://www.scrum.org/forum/scrum-forum/6288/mistake-scrum-guide,3,6288
Requirement/story building tasks,https://www.scrum.org/forum/scrum-forum/6195/requirementstory-building-tasks,4,6195
How to Manage the Growing Pains of Scaling an Agile Team,https://www.scrum.org/forum/scrum-forum/6274/how-manage-growing-pains-scaling-agile-team,1,6274
First time coaching,https://www.scrum.org/forum/scrum-forum/6278/first-time-coaching,4,6278
Starting out as a Scrum Master,https://www.scrum.org/forum/scrum-forum/6286/starting-out-scrum-master,3,6286
Multiple scrum teams with one PO and one Master Backlog,https://www.scrum.org/forum/scrum-forum/6259/multiple-scrum-teams-one-po-and-one-master-backlog,5,6259
Scrum Master role,https://www.scrum.org/forum/scrum-forum/6250/scrum-master-role,3,6250
University tasks.,https://www.scrum.org/forum/scrum-forum/6284/university-tasks,2,6284
Between 2 Sprints and The Sprint Goal,https://www.scrum.org/forum/scrum-forum/6279/between-2-sprints-and-sprint-goal,6,6279
Emerging Scrum Master,https://www.scrum.org/forum/scrum-forum/6282/emerging-scrum-master,2,6282
Release Planning at scale,https://www.scrum.org/forum/scrum-forum/6277/release-planning-scale,6,6277
Manual regression testing tasks in a sprint?,https://www.scrum.org/forum/scrum-forum/6280/manual-regression-testing-tasks-sprint,14,6280
Dev Team does not have the skills to accomplish the Sprint Goal,https://www.scrum.org/forum/scrum-forum/6267/dev-team-does-not-have-skills-accomplish-sprint-goal,2,6267
Doing proper Scrum not Scrum-didly-um,https://www.scrum.org/forum/scrum-forum/6276/doing-proper-scrum-not-scrum-didly-um,4,6276
Non-functional Requirements,https://www.scrum.org/forum/scrum-forum/6268/non-functional-requirements,3,6268
"The Development Team should not be interrupted during the Sprint. The Sprint Goal should remain intact. These are conditions that foster creativity, quality and productivity. Based on this, which of the following is FALSE",https://www.scrum.org/forum/scrum-forum/6273/development-team-should-not-be-interrupted-during-sprint-sprint-goal-should,4,6273
What are the side effects of for a company applying scrum for the first time with it's own existing terminology?,https://www.scrum.org/forum/scrum-forum/6272/what-are-side-effects-company-applying-scrum-first-time-its-own-existing,1,6272
Scrum Master Service to PO,https://www.scrum.org/forum/scrum-forum/6270/scrum-master-service-po,1,6270
"Scrum Master is a ""management"" position",https://www.scrum.org/forum/scrum-forum/6271/scrum-master-management-position,1,6271
What are the differences between the open assessment and the PSM-I assessment?,https://www.scrum.org/forum/scrum-forum/6262/what-are-differences-between-open-assessment-and-psm-i-assessment,3,6262
Acceptance Criteria for Technical Documentation,https://www.scrum.org/forum/scrum-forum/6174/acceptance-criteria-technical-documentation,9,6174
How to deal with management,https://www.scrum.org/forum/scrum-forum/6248/how-deal-management,2,6248
Framework vs Methodology?,https://www.scrum.org/forum/scrum-forum/6269/framework-vs-methodology,1,6269
looking for guidance,https://www.scrum.org/forum/scrum-forum/6263/looking-guidance,2,6263
Scaling Professional Scrum and non-software products,https://www.scrum.org/forum/scrum-forum/6257/scaling-professional-scrum-and-non-software-products,3,6257
Guidelines on Developing Product Vision/Goal,https://www.scrum.org/forum/scrum-forum/6199/guidelines-developing-product-visiongoal,5,6199
Scrum Certification Question,https://www.scrum.org/forum/scrum-forum/6193/scrum-certification-question,3,6193
Is it micromanagement or service to the team?,https://www.scrum.org/forum/scrum-forum/6167/it-micromanagement-or-service-team,10,6167
Replace a Team member in middle of a sprint,https://www.scrum.org/forum/scrum-forum/6181/replace-team-member-middle-sprint,5,6181
Freelance Scrum masters,https://www.scrum.org/forum/scrum-forum/6163/freelance-scrum-masters,5,6163
Part-time team members,https://www.scrum.org/forum/scrum-forum/6204/part-time-team-members,3,6204
Passed PSM without studying for it,https://www.scrum.org/forum/scrum-forum/6194/passed-psm-without-studying-it,1,6194
Implementing Scrum in a Digital Agency,https://www.scrum.org/forum/scrum-forum/6201/implementing-scrum-digital-agency,4,6201
PSD Open Assessment Question - need clarity,https://www.scrum.org/forum/scrum-forum/6197/psd-open-assessment-question-need-clarity,7,6197
communication between PO & Dev team,https://www.scrum.org/forum/scrum-forum/6158/communication-between-po-dev-team,4,6158
Add bookmark feature to Open Scrum,https://www.scrum.org/forum/scrum-forum/6185/add-bookmark-feature-open-scrum,1,6185
Seeking advice,https://www.scrum.org/forum/scrum-forum/6186/seeking-advice,9,6186
Scrum Picture,https://www.scrum.org/forum/scrum-forum/6189/scrum-picture,1,6189
Ways to improve velocity,https://www.scrum.org/forum/scrum-forum/6182/ways-improve-velocity,14,6182
Availability of PSD I assessment without course,https://www.scrum.org/forum/scrum-forum/5326/availability-psd-i-assessment-without-course,11,5326
Queries on scrum guide related to Transparency,https://www.scrum.org/forum/scrum-forum/6184/queries-scrum-guide-related-transparency,4,6184
Can I be a SCRUM MASTER? I am a SharePoint Administrator,https://www.scrum.org/forum/scrum-forum/6179/can-i-be-scrum-master-i-am-sharepoint-administrator,5,6179
Handling Dependent Tasks across Sprints,https://www.scrum.org/forum/scrum-forum/6190/handling-dependent-tasks-across-sprints,2,6190
My Big Design Up Front problem,https://www.scrum.org/forum/scrum-forum/6188/my-big-design-front-problem,4,6188
"Query regarding ""Done""",https://www.scrum.org/forum/scrum-forum/6191/query-regarding-done,2,6191
"One team, multiple projects",https://www.scrum.org/forum/scrum-forum/6149/one-team-multiple-projects,4,6149
Who is responsible for defining necessary development team skills for a new project?,https://www.scrum.org/forum/scrum-forum/6172/who-responsible-defining-necessary-development-team-skills-new-project,7,6172
Tactics for using Scrum. Where are described?,https://www.scrum.org/forum/scrum-forum/6178/tactics-using-scrum-where-are-described,2,6178
Role of Scrum Master,https://www.scrum.org/forum/scrum-forum/6180/role-scrum-master,3,6180
Non software projects managed with scrum - any help?,https://www.scrum.org/forum/scrum-forum/6177/non-software-projects-managed-scrum-any-help,2,6177
Evaluation of Estimation,https://www.scrum.org/forum/scrum-forum/6068/evaluation-estimation,1,6068
Passed PSM 1 - My Advice,https://www.scrum.org/forum/scrum-forum/6110/passed-psm-1-my-advice,1,6110
Can Kanban in Software Support?,https://www.scrum.org/forum/scrum-forum/6127/can-kanban-software-support,2,6127
PSM-I passed + Feedback,https://www.scrum.org/forum/scrum-forum/5736/psm-i-passed-feedback,10,5736
Infrastructure in Agile(Scrum),https://www.scrum.org/forum/scrum-forum/6105/infrastructure-agilescrum,3,6105
Self-Study Materials for PSD 1 Assessment,https://www.scrum.org/forum/scrum-forum/6119/self-study-materials-psd-1-assessment,1,6119
Breaking down stories,https://www.scrum.org/forum/scrum-forum/6115/breaking-down-stories,10,6115
Leadership,https://www.scrum.org/forum/scrum-forum/6095/leadership,3,6095
Scrum master role,https://www.scrum.org/forum/scrum-forum/6123/scrum-master-role,4,6123
Self-Study Material for Taking PSD 1 Assessment,https://www.scrum.org/forum/scrum-forum/6120/self-study-material-taking-psd-1-assessment,1,6120
How about a Drooming Session to groom the defects?,https://www.scrum.org/forum/scrum-forum/6108/how-about-drooming-session-groom-defects,4,6108
Cross-functional dev team and outsourcing,https://www.scrum.org/forum/scrum-forum/6125/cross-functional-dev-team-and-outsourcing,8,6125
Agile - Methodology or Framework or  philosophy,https://www.scrum.org/forum/scrum-forum/6117/agile-methodology-or-framework-or-philosophy,2,6117
Evidence-based Management (EBM),https://www.scrum.org/forum/scrum-forum/6122/evidence-based-management-ebm,2,6122
Who is responsible to register work estimates during the sprint?,https://www.scrum.org/forum/scrum-forum/6081/who-responsible-register-work-estimates-during-sprint,13,6081
Purchase a Scrumboard package,https://www.scrum.org/forum/scrum-forum/6111/purchase-scrumboard-package,1,6111
"Technically, what should a sprint goal actually consist of? What should it ideally include and cover, or mention?",https://www.scrum.org/forum/scrum-forum/6080/technically-what-should-sprint-goal-actually-consist-what-should-it-ideally,7,6080
Product Owner Assessment,https://www.scrum.org/forum/scrum-forum/6106/product-owner-assessment,6,6106
PSPO I Exam,https://www.scrum.org/forum/scrum-forum/6055/pspo-i-exam,3,6055
"Dealing with ""narcissism""",https://www.scrum.org/forum/scrum-forum/6113/dealing-narcissism,4,6113
SUBJECT AREA WEIGHTAGE IN PSM 1,https://www.scrum.org/forum/scrum-forum/6023/subject-area-weightage-psm-1,7,6023
The product owner during the sprint,https://www.scrum.org/forum/scrum-forum/6109/product-owner-during-sprint,4,6109
The Agile Manifesto...huh?,https://www.scrum.org/forum/scrum-forum/6094/agile-manifestohuh,18,6094
Commitment and priorties,https://www.scrum.org/forum/scrum-forum/6112/commitment-and-priorties,1,6112
More than one board,https://www.scrum.org/forum/scrum-forum/6045/more-one-board,2,6045
Add Sylabi and Sample Exams for Professional Exams,https://www.scrum.org/forum/scrum-forum/6052/add-sylabi-and-sample-exams-professional-exams,2,6052
Writing user stories for website relaunch,https://www.scrum.org/forum/scrum-forum/6037/writing-user-stories-website-relaunch,10,6037
Test Planning?,https://www.scrum.org/forum/scrum-forum/6048/test-planning,3,6048
Question (who tracks the velocity )?,https://www.scrum.org/forum/scrum-forum/5846/question-who-tracks-velocity,10,5846
Velocity,https://www.scrum.org/forum/scrum-forum/5914/velocity,3,5914
Complete rewrite - when justified and when not,https://www.scrum.org/forum/scrum-forum/6040/complete-rewrite-when-justified-and-when-not,8,6040
Scrum Practian Tools,https://www.scrum.org/forum/scrum-forum/6038/scrum-practian-tools,3,6038
"Response to someone explaining ""Why I stopped using Scrum""",https://www.scrum.org/forum/scrum-forum/6047/response-someone-explaining-why-i-stopped-using-scrum,1,6047
Risk in estimation,https://www.scrum.org/forum/scrum-forum/6044/risk-estimation,6,6044
Scrum team size in a small department,https://www.scrum.org/forum/scrum-forum/6042/scrum-team-size-small-department,3,6042
"Is it a new Bug, PBI, or something else (i.e. ""Issue"")",https://www.scrum.org/forum/scrum-forum/6034/it-new-bug-pbi-or-something-else-ie-issue,19,6034
Add Open Assessments to the User profile page,https://www.scrum.org/forum/scrum-forum/6043/add-open-assessments-user-profile-page,1,6043
Payment failing,https://www.scrum.org/forum/scrum-forum/6036/payment-failing,3,6036
Adding tasks to the backlog,https://www.scrum.org/forum/scrum-forum/6033/adding-tasks-backlog,8,6033
EBMgt & Lean Startup,https://www.scrum.org/forum/scrum-forum/6041/ebmgt-lean-startup,1,6041
Self organizing teams,https://www.scrum.org/forum/scrum-forum/5893/self-organizing-teams,8,5893
Selling TDD & Pair-programming,https://www.scrum.org/forum/scrum-forum/6039/selling-tdd-pair-programming,4,6039
Checkout impossible,https://www.scrum.org/forum/scrum-forum/6035/checkout-impossible,1,6035
PSM I and PSPO I exam,https://www.scrum.org/forum/scrum-forum/6029/psm-i-and-pspo-i-exam,3,6029
Automatic test servers,https://www.scrum.org/forum/scrum-forum/6025/automatic-test-servers,1,6025
Dev Manager is acting as Product Owner,https://www.scrum.org/forum/scrum-forum/6021/dev-manager-acting-product-owner,20,6021
Does Scrum demand fulltime PO and/or SM?,https://www.scrum.org/forum/scrum-forum/6027/does-scrum-demand-fulltime-po-andor-sm,3,6027
How many POs for multiple teams?,https://www.scrum.org/forum/scrum-forum/6007/how-many-pos-multiple-teams,5,6007
Product Backlog Refinement,https://www.scrum.org/forum/scrum-forum/5952/product-backlog-refinement,8,5952
Passed PSM-I,https://www.scrum.org/forum/scrum-forum/6031/passed-psm-i,0,6031
Real cost of a PBI / feature,https://www.scrum.org/forum/scrum-forum/5971/real-cost-pbi-feature,6,5971
Predicted methodology,https://www.scrum.org/forum/scrum-forum/5968/predicted-methodology,4,5968
Project Management in Scrum,https://www.scrum.org/forum/scrum-forum/5973/project-management-scrum,5,5973
2014 Agile Transformation Survey,https://www.scrum.org/forum/scrum-forum/5969/2014-agile-transformation-survey,1,5969
Scrum PSM1 Questions,https://www.scrum.org/forum/scrum-forum/5573/scrum-psm1-questions,9,5573
Best choice for Product owner,https://www.scrum.org/forum/scrum-forum/5967/best-choice-product-owner,23,5967
Can dev team override story priority decision from PO in Sprint planning second phase?,https://www.scrum.org/forum/scrum-forum/5962/can-dev-team-override-story-priority-decision-po-sprint-planning-second,11,5962
Streamlined Scrum,https://www.scrum.org/forum/scrum-forum/5873/streamlined-scrum,16,5873
Would you still use Scrum in the following scenario,https://www.scrum.org/forum/scrum-forum/5964/would-you-still-use-scrum-following-scenario,1,5964
Passed PSM I with score 94%,https://www.scrum.org/forum/scrum-forum/5965/passed-psm-i-score-94,4,5965
What's the most inspirational Agile/Scrum video?,https://www.scrum.org/forum/scrum-forum/5939/whats-most-inspirational-agilescrum-video,2,5939
PSM Exam,https://www.scrum.org/forum/scrum-forum/5963/psm-exam,1,5963
How to get disscount for 2nd attend the PSM I,https://www.scrum.org/forum/scrum-forum/5957/how-get-disscount-2nd-attend-psm-i,7,5957
PSM II I passed 2nd time around,https://www.scrum.org/forum/scrum-forum/5935/psm-ii-i-passed-2nd-time-around,16,5935
Sizes of items on Sprint and Product Backlog,https://www.scrum.org/forum/scrum-forum/5955/sizes-items-sprint-and-product-backlog,1,5955
Self-accountability concept,https://www.scrum.org/forum/scrum-forum/5956/self-accountability-concept,1,5956
review and redefine user histories,https://www.scrum.org/forum/scrum-forum/5954/review-and-redefine-user-histories,2,5954
PSM1 Q&A's,https://www.scrum.org/forum/scrum-forum/5530/psm1-qas,13,5530
Team is against the proposed Product Owner,https://www.scrum.org/forum/scrum-forum/5932/team-against-proposed-product-owner,4,5932
Scrum Master Certification (PSM I) advice,https://www.scrum.org/forum/scrum-forum/5946/scrum-master-certification-psm-i-advice,12,5946
Sprint 0...or not?,https://www.scrum.org/forum/scrum-forum/5942/sprint-0or-not,5,5942
Is world of PSM I assessment copiable ?,https://www.scrum.org/forum/scrum-forum/5951/world-psm-i-assessment-copiable,1,5951
PSM 1 passed with 89%,https://www.scrum.org/forum/scrum-forum/5940/psm-1-passed-89,1,5940
"Why is ""Sprint Review"" an informal meeting ?",https://www.scrum.org/forum/scrum-forum/5949/why-sprint-review-informal-meeting,3,5949
scrum master product knowledge,https://www.scrum.org/forum/scrum-forum/5950/scrum-master-product-knowledge,3,5950
PO is not involved,https://www.scrum.org/forum/scrum-forum/5895/po-not-involved,2,5895
Preparing for PSD I exam,https://www.scrum.org/forum/scrum-forum/5865/preparing-psd-i-exam,5,5865
SM's sensible action when impediment raised from Dev Team,https://www.scrum.org/forum/scrum-forum/5703/sms-sensible-action-when-impediment-raised-dev-team,5,5703
"Agile team behaviours in large organizations, a SM reflection.",https://www.scrum.org/forum/scrum-forum/5815/agile-team-behaviours-large-organizations-sm-reflection,1,5815
Sprint Planning Meeting,https://www.scrum.org/forum/scrum-forum/5891/sprint-planning-meeting,2,5891
Task board for scrum masters / scrum master interaction,https://www.scrum.org/forum/scrum-forum/5890/task-board-scrum-masters-scrum-master-interaction,1,5890
Can there be multiple product owners for a scrum project?,https://www.scrum.org/forum/scrum-forum/5863/can-there-be-multiple-product-owners-scrum-project,6,5863
PSM I Assessment,https://www.scrum.org/forum/scrum-forum/5888/psm-i-assessment,3,5888
Velocity,https://www.scrum.org/forum/scrum-forum/5889/velocity,4,5889
Sprint backlog and Scrum Backlog,https://www.scrum.org/forum/scrum-forum/5883/sprint-backlog-and-scrum-backlog,6,5883
Scrum PSPO clarifications,https://www.scrum.org/forum/scrum-forum/5885/scrum-pspo-clarifications,8,5885
Sprint Goal,https://www.scrum.org/forum/scrum-forum/5886/sprint-goal,1,5886
Beginner Question - User Story,https://www.scrum.org/forum/scrum-forum/5884/beginner-question-user-story,7,5884
Appli rewrite & Big Bang Release,https://www.scrum.org/forum/scrum-forum/5882/appli-rewrite-big-bang-release,5,5882
From budget to end date,https://www.scrum.org/forum/scrum-forum/5878/budget-end-date,2,5878
Dynamic length of sprints in Scrum,https://www.scrum.org/forum/scrum-forum/5461/dynamic-length-sprints-scrum,18,5461
TDD and Frameworks,https://www.scrum.org/forum/scrum-forum/5876/tdd-and-frameworks,10,5876
"How to apply Scrum to an ""IT factory"" or ""IT service""? What is the product?",https://www.scrum.org/forum/scrum-forum/5877/how-apply-scrum-it-factory-or-it-service-what-product,1,5877
Process to Agile Roadmap,https://www.scrum.org/forum/scrum-forum/5872/process-agile-roadmap,13,5872
Planning Poker,https://www.scrum.org/forum/scrum-forum/5874/planning-poker,4,5874
PSM Assessment more than Theory,https://www.scrum.org/forum/scrum-forum/5875/psm-assessment-more-theory,1,5875
Isn't scrum supposed to be easy?,https://www.scrum.org/forum/scrum-forum/5871/isnt-scrum-supposed-be-easy,2,5871
Tips for PBI Definition,https://www.scrum.org/forum/scrum-forum/5870/tips-pbi-definition,7,5870
Sprint Planning meeting,https://www.scrum.org/forum/scrum-forum/5862/sprint-planning-meeting,8,5862
Internal delegated Product owner,https://www.scrum.org/forum/scrum-forum/5869/internal-delegated-product-owner,5,5869
Tapatalk,https://www.scrum.org/forum/scrum-forum/5814/tapatalk,0,5814
Question from a Program Manager to SCRUMmers,https://www.scrum.org/forum/scrum-forum/5800/question-program-manager-scrummers,9,5800
regarding Agile  Sprint,https://www.scrum.org/forum/scrum-forum/5803/regarding-agile-sprint,4,5803
Should Developers Test UI?,https://www.scrum.org/forum/scrum-forum/5812/should-developers-test-ui,3,5812
Open assessment vs PSPO,https://www.scrum.org/forum/scrum-forum/5804/open-assessment-vs-pspo,8,5804
Splitting up stories,https://www.scrum.org/forum/scrum-forum/5805/splitting-stories,6,5805
What is about a Sprint 0,https://www.scrum.org/forum/scrum-forum/5728/what-about-sprint-0,3,5728
Kind of questions,https://www.scrum.org/forum/scrum-forum/5504/kind-questions,6,5504
Who is required to attend the Daily Scrum?,https://www.scrum.org/forum/scrum-forum/5792/who-required-attend-daily-scrum,2,5792
How PO and Scrum Team deliver the product on time compare to Traditional  Project Management,https://www.scrum.org/forum/scrum-forum/5799/how-po-and-scrum-team-deliver-product-time-compare-traditional-project,5,5799
Backlog refinement,https://www.scrum.org/forum/scrum-forum/5794/backlog-refinement,6,5794
Scrum and Tenders - do they mix?,https://www.scrum.org/forum/scrum-forum/5797/scrum-and-tenders-do-they-mix,5,5797
Scrum Contract and Prices,https://www.scrum.org/forum/scrum-forum/5798/scrum-contract-and-prices,1,5798
Scrum Master,https://www.scrum.org/forum/scrum-forum/5763/scrum-master,3,5763
Sprint Planning part 1: Selecting items for the Sprint Backlog,https://www.scrum.org/forum/scrum-forum/5795/sprint-planning-part-1-selecting-items-sprint-backlog,3,5795
Sprint Goal,https://www.scrum.org/forum/scrum-forum/5796/sprint-goal,3,5796
'Potentially Releasable Product' and splitting up testing,https://www.scrum.org/forum/scrum-forum/5791/potentially-releasable-product-and-splitting-testing,5,5791
Product Backlog Item's estimates?,https://www.scrum.org/forum/scrum-forum/5652/product-backlog-items-estimates,6,5652
When is the best moment to provide Product Owner with a sprint forecast?,https://www.scrum.org/forum/scrum-forum/5793/when-best-moment-provide-product-owner-sprint-forecast,6,5793
Passed PSM I with 97%,https://www.scrum.org/forum/scrum-forum/5779/passed-psm-i-97,1,5779
Agility Path: 3 Basic Questions,https://www.scrum.org/forum/scrum-forum/5788/agility-path-3-basic-questions,5,5788
Product Backlog Refinement : Visibility in the Sprint BackLog ?,https://www.scrum.org/forum/scrum-forum/5789/product-backlog-refinement-visibility-sprint-backlog,2,5789
Scrum work experience,https://www.scrum.org/forum/scrum-forum/5787/scrum-work-experience,2,5787
Small thing I know,https://www.scrum.org/forum/scrum-forum/5784/small-thing-i-know,4,5784
Best describes the topics covered in Sprint Planning,https://www.scrum.org/forum/scrum-forum/5672/best-describes-topics-covered-sprint-planning,7,5672
What to do when Bug is raised which is highest priority,https://www.scrum.org/forum/scrum-forum/5576/what-do-when-bug-raised-which-highest-priority,4,5576
Scrum team with API + Client App,https://www.scrum.org/forum/scrum-forum/5571/scrum-team-api-client-app,3,5571
Scrum - TFS - Tasks - Not being updated timely,https://www.scrum.org/forum/scrum-forum/5585/scrum-tfs-tasks-not-being-updated-timely,6,5585
Open Assesment Question,https://www.scrum.org/forum/scrum-forum/5725/open-assesment-question,2,5725
Remaining questions from PSMI (PO+Fire Member),https://www.scrum.org/forum/scrum-forum/5720/remaining-questions-psmi-pofire-member,4,5720
Scrum Master job description,https://www.scrum.org/forum/scrum-forum/5366/scrum-master-job-description,8,5366
Quoting with Story Points,https://www.scrum.org/forum/scrum-forum/5718/quoting-story-points,6,5718
Release sprint most crucial for Big projects,https://www.scrum.org/forum/scrum-forum/5712/release-sprint-most-crucial-big-projects,6,5712
Scrum for small to midsize project?,https://www.scrum.org/forum/scrum-forum/5715/scrum-small-midsize-project,8,5715
Self-Organized Team,https://www.scrum.org/forum/scrum-forum/5644/self-organized-team,5,5644
New Software Application and Scrum?,https://www.scrum.org/forum/scrum-forum/5710/new-software-application-and-scrum,2,5710
Using Tasks vs Stories in some cases,https://www.scrum.org/forum/scrum-forum/5714/using-tasks-vs-stories-some-cases,6,5714
Product Backlog vs Sprint Backlog,https://www.scrum.org/forum/scrum-forum/5706/product-backlog-vs-sprint-backlog,5,5706
Daily Scrum not effective due to geographic location of development team,https://www.scrum.org/forum/scrum-forum/5709/daily-scrum-not-effective-due-geographic-location-development-team,5,5709
Levels are membership,https://www.scrum.org/forum/scrum-forum/5711/levels-are-membership,0,5711
Time to do the exam once paid?,https://www.scrum.org/forum/scrum-forum/5705/time-do-exam-once-paid,2,5705
Personal space and co-location,https://www.scrum.org/forum/scrum-forum/5700/personal-space-and-co-location,2,5700
Other book for study?,https://www.scrum.org/forum/scrum-forum/5708/other-book-study,1,5708
"Product Backlog is dynamic, so this is a risk?",https://www.scrum.org/forum/scrum-forum/5701/product-backlog-dynamic-so-risk,4,5701
Ongoing long-term testing that needs to run for several sprints,https://www.scrum.org/forum/scrum-forum/5704/ongoing-long-term-testing-needs-run-several-sprints,2,5704
PO leaving company,https://www.scrum.org/forum/scrum-forum/5699/po-leaving-company,3,5699
"Sprint Planning - Part 2 (How) Task breakdown with estimated hours. How do we emphasis team for estimating task appropriately, not padding up extra hours ?",https://www.scrum.org/forum/scrum-forum/5686/sprint-planning-part-2-how-task-breakdown-estimated-hours-how-do-we-emphasis,4,5686
Scrum allow resources as Proxy?,https://www.scrum.org/forum/scrum-forum/5702/scrum-allow-resources-proxy,1,5702
Trying to create my own workflow,https://www.scrum.org/forum/scrum-forum/5698/trying-create-my-own-workflow,5,5698
PSM I passed,https://www.scrum.org/forum/scrum-forum/5694/psm-i-passed,4,5694
grooming illegal,https://www.scrum.org/forum/scrum-forum/5635/grooming-illegal,4,5635
"Agility , how agile are you?",https://www.scrum.org/forum/scrum-forum/5642/agility-how-agile-are-you,1,5642
Explaining definition of story points to the dev team,https://www.scrum.org/forum/scrum-forum/5639/explaining-definition-story-points-dev-team,1,5639
"Experience with ""Sie/Vous"" - Culture and Scrum ?",https://www.scrum.org/forum/scrum-forum/5637/experience-sievous-culture-and-scrum,2,5637
Why we love Scrum?,https://www.scrum.org/forum/scrum-forum/5633/why-we-love-scrum,3,5633
Accentuate the positive?,https://www.scrum.org/forum/scrum-forum/5634/accentuate-positive,2,5634
Test site is down while doing the PSM I assessment?,https://www.scrum.org/forum/scrum-forum/5636/test-site-down-while-doing-psm-i-assessment,1,5636
PSM I Assessment Preparation,https://www.scrum.org/forum/scrum-forum/5630/psm-i-assessment-preparation,5,5630
How to pass Professional Scrum Master I (PSM) certification test in #6 steps,https://www.scrum.org/forum/scrum-forum/5383/how-pass-professional-scrum-master-i-psm-certification-test-6-steps,4,5383
"Suggestion Sprints can be ""freezed"" and ""unfreezed""",https://www.scrum.org/forum/scrum-forum/5626/suggestion-sprints-can-be-freezed-and-unfreezed,8,5626
Technical vs. Business ready,https://www.scrum.org/forum/scrum-forum/5627/technical-vs-business-ready,6,5627
Who is responsable by the burndownchart ?,https://www.scrum.org/forum/scrum-forum/5599/who-responsable-burndownchart,5,5599
Agile Pilot within Waterfall Culture and Mindset - HELP!,https://www.scrum.org/forum/scrum-forum/5621/agile-pilot-within-waterfall-culture-and-mindset-help,4,5621
relative size of US versus velocity,https://www.scrum.org/forum/scrum-forum/5622/relative-size-us-versus-velocity,3,5622
End of Sprint Package Deployment Issues,https://www.scrum.org/forum/scrum-forum/5624/end-sprint-package-deployment-issues,2,5624
Spring Review Approval Document,https://www.scrum.org/forum/scrum-forum/5620/spring-review-approval-document,3,5620
DoD,https://www.scrum.org/forum/scrum-forum/5618/dod,6,5618
Scrum of Scrums,https://www.scrum.org/forum/scrum-forum/5617/scrum-scrums,10,5617
Branching is a Dysfunction,https://www.scrum.org/forum/scrum-forum/5316/branching-dysfunction,12,5316
PSM1 Exam format - Revisiting questions,https://www.scrum.org/forum/scrum-forum/5615/psm1-exam-format-revisiting-questions,3,5615
"Scrum in business functions like sales, human resources managemenet and customer care operations",https://www.scrum.org/forum/scrum-forum/5610/scrum-business-functions-sales-human-resources-managemenet-and-customer-care,3,5610
Storypoints with an ever-changing team,https://www.scrum.org/forum/scrum-forum/5601/storypoints-ever-changing-team,12,5601
Promoting Agile Up the Chain,https://www.scrum.org/forum/scrum-forum/5614/promoting-agile-chain,1,5614
Dev Envirnoment Issues and Performance Testing,https://www.scrum.org/forum/scrum-forum/5603/dev-envirnoment-issues-and-performance-testing,3,5603
Blackbox testing in an environment  where work is split up in different branches with strong dependencies,https://www.scrum.org/forum/scrum-forum/5596/blackbox-testing-environment-where-work-split-different-branches-strong,5,5596
Massive Open Online Course (MOOC) and the Agile World,https://www.scrum.org/forum/scrum-forum/5549/massive-open-online-course-mooc-and-agile-world,0,5549
'Business As Usual (BAU) support' and the Sprint Goal...,https://www.scrum.org/forum/scrum-forum/5545/business-usual-bau-support-and-sprint-goal,5,5545
Creativity and Self-Organization,https://www.scrum.org/forum/scrum-forum/5540/creativity-and-self-organization,2,5540
Request for new Agility Path forum,https://www.scrum.org/forum/scrum-forum/5547/request-new-agility-path-forum,0,5547
When the number of sprints of a release is defined?,https://www.scrum.org/forum/scrum-forum/5541/when-number-sprints-release-defined,2,5541
Technical Upgrades,https://www.scrum.org/forum/scrum-forum/5515/technical-upgrades,6,5515
Clarification on Sprint Retrospective,https://www.scrum.org/forum/scrum-forum/5539/clarification-sprint-retrospective,2,5539
Dependencies in tasks - how to deal with tasks that don't equate to full capcity for a day,https://www.scrum.org/forum/scrum-forum/5537/dependencies-tasks-how-deal-tasks-dont-equate-full-capcity-day,2,5537
Clarifications on Scrum,https://www.scrum.org/forum/scrum-forum/5536/clarifications-scrum,2,5536
Question about the project manager,https://www.scrum.org/forum/scrum-forum/5534/question-about-project-manager,1,5534
Limited WIP: Tasks vs Stories,https://www.scrum.org/forum/scrum-forum/5526/limited-wip-tasks-vs-stories,3,5526
Number of questions,https://www.scrum.org/forum/scrum-forum/5532/number-questions,1,5532
Product Backlog Management as defined in Scrum Guide,https://www.scrum.org/forum/scrum-forum/5531/product-backlog-management-defined-scrum-guide,1,5531
Personal opinion of Scrum.org,https://www.scrum.org/forum/scrum-forum/5529/personal-opinion-scrumorg,1,5529
Where to start SCRUM?,https://www.scrum.org/forum/scrum-forum/5527/where-start-scrum,1,5527
Oppertunity for Scrum Masters in Germany,https://www.scrum.org/forum/scrum-forum/5528/oppertunity-scrum-masters-germany,0,5528
How to integrate a Spike with Scrum,https://www.scrum.org/forum/scrum-forum/5512/how-integrate-spike-scrum,5,5512
How to deal with the no-idea answers,https://www.scrum.org/forum/scrum-forum/5511/how-deal-no-idea-answers,7,5511
The development team refuse to split or do the scrum meeting in the morning,https://www.scrum.org/forum/scrum-forum/5450/development-team-refuse-split-or-do-scrum-meeting-morning,11,5450
Scrum for Scouts?,https://www.scrum.org/forum/scrum-forum/5525/scrum-scouts,5,5525
PSM 1 - Is spring goal defined before / during / after spring plannning meeting?,https://www.scrum.org/forum/scrum-forum/5452/psm-1-spring-goal-defined-during-after-spring-plannning-meeting,5,5452
SCRUM training in Holland,https://www.scrum.org/forum/scrum-forum/5524/scrum-training-holland,2,5524
Technical documentation/translation in Scrum,https://www.scrum.org/forum/scrum-forum/5522/technical-documentationtranslation-scrum,6,5522
Preparing for PSM1,https://www.scrum.org/forum/scrum-forum/5496/preparing-psm1,14,5496
PSM I - test language,https://www.scrum.org/forum/scrum-forum/5523/psm-i-test-language,1,5523
Scrum Master Contract,https://www.scrum.org/forum/scrum-forum/5333/scrum-master-contract,9,5333
Activities for improving backlog refinement that work remotely,https://www.scrum.org/forum/scrum-forum/5473/activities-improving-backlog-refinement-work-remotely,7,5473
"If not user stories, then what?",https://www.scrum.org/forum/scrum-forum/5448/if-not-user-stories-then-what,4,5448
Relative Complexity Theory: how User Story estimations will autocorrect itself after x SprintsRelative Complexity Theory: how estimations will autocorrect itself,https://www.scrum.org/forum/scrum-forum/5470/relative-complexity-theory-how-user-story-estimations-will-autocorrect,2,5470
Updating estimates during a Sprint,https://www.scrum.org/forum/scrum-forum/5467/updating-estimates-during-sprint,5,5467
who manages burn down charts,https://www.scrum.org/forum/scrum-forum/5456/who-manages-burn-down-charts,9,5456
PSM 1 Certificate- Hardcopy ?,https://www.scrum.org/forum/scrum-forum/5368/psm-1-certificate-hardcopy,2,5368
Best Scrum Master certification having great value in market,https://www.scrum.org/forum/scrum-forum/5463/best-scrum-master-certification-having-great-value-market,4,5463
dev team member needs to be removed,https://www.scrum.org/forum/scrum-forum/5457/dev-team-member-needs-be-removed,4,5457
disappeared from official list of certificate holders (PSM1),https://www.scrum.org/forum/scrum-forum/5466/disappeared-official-list-certificate-holders-psm1,1,5466
The DoD and Scrum artifacts,https://www.scrum.org/forum/scrum-forum/5462/dod-and-scrum-artifacts,7,5462
Passed PSM i - certificate / proof by Tuesday for interview?,https://www.scrum.org/forum/scrum-forum/5459/passed-psm-i-certificate-proof-tuesday-interview,4,5459
Scrum Master Competencies.,https://www.scrum.org/forum/scrum-forum/5454/scrum-master-competencies,8,5454
Scrum Master's role as a coach and a teacher,https://www.scrum.org/forum/scrum-forum/5449/scrum-masters-role-coach-and-teacher,23,5449
What's next?,https://www.scrum.org/forum/scrum-forum/5446/whats-next,4,5446
Product owner competencies,https://www.scrum.org/forum/scrum-forum/5453/product-owner-competencies,3,5453
Sprint Retrospective of the last Sprint,https://www.scrum.org/forum/scrum-forum/5451/sprint-retrospective-last-sprint,6,5451
Books for PSM I,https://www.scrum.org/forum/scrum-forum/5307/books-psm-i,11,5307
Known issues in an application,https://www.scrum.org/forum/scrum-forum/5440/known-issues-application,13,5440
When do you coach you team?,https://www.scrum.org/forum/scrum-forum/5441/when-do-you-coach-you-team,8,5441
Can we talk about few PSM II questions?,https://www.scrum.org/forum/scrum-forum/5447/can-we-talk-about-few-psm-ii-questions,3,5447
Scrum Cards (User Story and Task),https://www.scrum.org/forum/scrum-forum/5442/scrum-cards-user-story-and-task,4,5442
Community Blog Feed - Submitting Feeds/Posts,https://www.scrum.org/forum/scrum-forum/5444/community-blog-feed-submitting-feedsposts,2,5444
RE: Hardening Sprints: good or bad?,https://www.scrum.org/forum/scrum-forum/5435/re-hardening-sprints-good-or-bad,2,5435
Are Scrum.Org courses PDU eligible via the PMI?,https://www.scrum.org/forum/scrum-forum/5443/are-scrumorg-courses-pdu-eligible-pmi,2,5443
To Ferrari or not to Ferrari,https://www.scrum.org/forum/scrum-forum/5379/ferrari-or-not-ferrari,0,5379
Sprint length?,https://www.scrum.org/forum/scrum-forum/5329/sprint-length,3,5329
"Great, great training this week!",https://www.scrum.org/forum/scrum-forum/5372/great-great-training-week,1,5372
"In keeping with inspection, transparency and adaptation...",https://www.scrum.org/forum/scrum-forum/5371/keeping-inspection-transparency-and-adaptation,5,5371
PSD: is TDD really speeding up the development process?,https://www.scrum.org/forum/scrum-forum/5364/psd-tdd-really-speeding-development-process,5,5364
Scrum got specific ways for testing software?,https://www.scrum.org/forum/scrum-forum/5375/scrum-got-specific-ways-testing-software,8,5375
Should we or should we not estimate tasks?,https://www.scrum.org/forum/scrum-forum/5369/should-we-or-should-we-not-estimate-tasks,10,5369
How to run a stream using the scrum framework with multiple products that require different development disciplines,https://www.scrum.org/forum/scrum-forum/5367/how-run-stream-using-scrum-framework-multiple-products-require-different,2,5367
Partially allocated team members,https://www.scrum.org/forum/scrum-forum/5304/partially-allocated-team-members,4,5304
End user documentation and definition of done,https://www.scrum.org/forum/scrum-forum/5365/end-user-documentation-and-definition-done,6,5365
Provided wrong password when ordering an exam,https://www.scrum.org/forum/scrum-forum/5363/provided-wrong-password-when-ordering-exam,2,5363
Scrum in an SAP implementation,https://www.scrum.org/forum/scrum-forum/5359/scrum-sap-implementation,3,5359
Differences between Scrum Guide & Scrum Primer,https://www.scrum.org/forum/scrum-forum/5362/differences-between-scrum-guide-scrum-primer,7,5362
PSM I certification,https://www.scrum.org/forum/scrum-forum/5334/psm-i-certification,4,5334
Not yet received PSM 1 certificate after one week of assessment,https://www.scrum.org/forum/scrum-forum/5331/not-yet-received-psm-1-certificate-after-one-week-assessment,15,5331
The sanctity of the Sprint Backlog,https://www.scrum.org/forum/scrum-forum/5361/sanctity-sprint-backlog,10,5361
Sprint Commitment,https://www.scrum.org/forum/scrum-forum/5355/sprint-commitment,6,5355
Split the Stories / Adjust the acceptance criteria / Adjust the length of Sprint / Persuade the people?,https://www.scrum.org/forum/scrum-forum/5357/split-stories-adjust-acceptance-criteria-adjust-length-sprint-persuade,5,5357
How can I start scrum?,https://www.scrum.org/forum/scrum-forum/5356/how-can-i-start-scrum,5,5356
How can improve Retrospective and Planning meetings?,https://www.scrum.org/forum/scrum-forum/5311/how-can-improve-retrospective-and-planning-meetings,11,5311
Holidays and Illnes,https://www.scrum.org/forum/scrum-forum/5353/holidays-and-illnes,6,5353
Certificate password payment - only credit cards in USD?,https://www.scrum.org/forum/scrum-forum/5319/certificate-password-payment-only-credit-cards-usd,3,5319
How to involve the end user,https://www.scrum.org/forum/scrum-forum/5350/how-involve-end-user,2,5350
software in 30 days - Work Breakdown figure 2.4 explanation,https://www.scrum.org/forum/scrum-forum/5348/software-30-days-work-breakdown-figure-24-explanation,3,5348
PDS .NET,https://www.scrum.org/forum/scrum-forum/5351/pds-net,1,5351
Not Received PSM1 certificate,https://www.scrum.org/forum/scrum-forum/5347/not-received-psm1-certificate,1,5347
Not received a password for asssment - anyone help apprieciated,https://www.scrum.org/forum/scrum-forum/5346/not-received-password-asssment-anyone-help-apprieciated,3,5346
Do you split defects the way you might split user stories?,https://www.scrum.org/forum/scrum-forum/5345/do-you-split-defects-way-you-might-split-user-stories,1,5345
Hard work being avoided?,https://www.scrum.org/forum/scrum-forum/5344/hard-work-being-avoided,4,5344
Adding new team members,https://www.scrum.org/forum/scrum-forum/5343/adding-new-team-members,3,5343
An ordinary time schedule?,https://www.scrum.org/forum/scrum-forum/5342/ordinary-time-schedule,5,5342
Splitting into Multiple Scrum Teams,https://www.scrum.org/forum/scrum-forum/5339/splitting-multiple-scrum-teams,6,5339
What's next step to be a Scrum Trainer?,https://www.scrum.org/forum/scrum-forum/5341/whats-next-step-be-scrum-trainer,1,5341
Sprint planning - developers signing up for tasks?,https://www.scrum.org/forum/scrum-forum/5338/sprint-planning-developers-signing-tasks,5,5338
Feedback on 'Scrum' definition from the Scrum Guide,https://www.scrum.org/forum/scrum-forum/5340/feedback-scrum-definition-scrum-guide,3,5340
Not yet received my PSM 1 certificate,https://www.scrum.org/forum/scrum-forum/5337/not-yet-received-my-psm-1-certificate,2,5337
Selling Scrum in an Orginization,https://www.scrum.org/forum/scrum-forum/5320/selling-scrum-orginization,9,5320
Retry PSD exam after passing first time?,https://www.scrum.org/forum/scrum-forum/5330/retry-psd-exam-after-passing-first-time,3,5330
PSPO Advice,https://www.scrum.org/forum/scrum-forum/5336/pspo-advice,4,5336
cooperation between development team members,https://www.scrum.org/forum/scrum-forum/5335/cooperation-between-development-team-members,10,5335
Transition - FROM BA to CSPO - The Do's and Donts,https://www.scrum.org/forum/scrum-forum/5327/transition-ba-cspo-dos-and-donts,2,5327
how long does it take to receive certificate after passing exam?,https://www.scrum.org/forum/scrum-forum/5313/how-long-does-it-take-receive-certificate-after-passing-exam,6,5313
How long is the PSM1 certificate valid?,https://www.scrum.org/forum/scrum-forum/5323/how-long-psm1-certificate-valid,1,5323
Undone Work in a Sprint,https://www.scrum.org/forum/scrum-forum/5305/undone-work-sprint,15,5305
technical debt,https://www.scrum.org/forum/scrum-forum/5318/technical-debt,4,5318
How many tries do I have to pass PSM I,https://www.scrum.org/forum/scrum-forum/5322/how-many-tries-do-i-have-pass-psm-i,1,5322
"Please show me step by step, how to register to test PSM from Viet Nam?",https://www.scrum.org/forum/scrum-forum/5321/please-show-me-step-step-how-register-test-psm-viet-nam,3,5321
Self-Management versus Scrum 'rules',https://www.scrum.org/forum/scrum-forum/5308/self-management-versus-scrum-rules,10,5308
How to handle folks who do not attend Scrum regularly,https://www.scrum.org/forum/scrum-forum/5310/how-handle-folks-who-do-not-attend-scrum-regularly,7,5310
Dealing with wide domain gap?,https://www.scrum.org/forum/scrum-forum/5317/dealing-wide-domain-gap,1,5317
Detailing requirements,https://www.scrum.org/forum/scrum-forum/5314/detailing-requirements,4,5314
Scrum of Scrums is ... ?,https://www.scrum.org/forum/scrum-forum/5306/scrum-scrums,3,5306
PSF1,https://www.scrum.org/forum/scrum-forum/5315/psf1,1,5315
A question,https://www.scrum.org/forum/scrum-forum/5312/question,4,5312
